"범죄별(1)",범죄별(2),범죄별(3),2019,2019,2019,2019,2019,2019,2019,2019,2019,2019,2019,2019,2019,2019,2019,2019,2019,2019,2019,2019,2019,2020,2020,2020,2020,2020,2020,2020,2020,2020,2020,2020,2020,2020,2020,2020,2020,2020,2020,2020,2020,2020,2021,2021,2021,2021,2021,2021,2021,2021,2021,2021,2021,2021,2021,2021,2021,2021,2021,2021,2021,2021,2021,2022,2022,2022,2022,2022,2022,2022,2022,2022,2022,2022,2022,2022,2022,2022,2022,2022,2022,2022,2022,2022
"범죄별(1)",범죄별(2),범죄별(3),합계,합계,합계,정상,정상,정상,정신장애,정신장애,정신장애,정신장애,정신장애,정신장애,정신장애,정신장애,정신장애,정신장애,주취,주취,주취,월경시이상,미상,합계,합계,합계,정상,정상,정상,정신장애,정신장애,정신장애,정신장애,정신장애,정신장애,정신장애,정신장애,정신장애,정신장애,주취,주취,주취,월경시이상,미상,합계,합계,합계,정상,정상,정상,정신장애,정신장애,정신장애,정신장애,정신장애,정신장애,정신장애,정신장애,정신장애,정신장애,주취,주취,주취,월경시이상,미상,합계,합계,합계,정상,정상,정상,정신장애,정신장애,정신장애,정신장애,정신장애,정신장애,정신장애,정신장애,정신장애,정신장애,주취,주취,주취,월경시이상,미상
"범죄별(1)",범죄별(2),범죄별(3),소계,소계,소계,소계,소계,소계,소계,정신이상,정신이상,정신이상,정신박약,정신박약,정신박약,기타정신장애,기타정신장애,기타정신장애,소계,소계,소계,소계,소계,소계,소계,소계,소계,소계,소계,소계,정신이상,정신이상,정신이상,정신박약,정신박약,정신박약,기타정신장애,기타정신장애,기타정신장애,소계,소계,소계,소계,소계,소계,소계,소계,소계,소계,소계,소계,정신이상,정신이상,정신이상,정신박약,정신박약,정신박약,기타정신장애,기타정신장애,기타정신장애,소계,소계,소계,소계,소계,소계,소계,소계,소계,소계,소계,소계,정신이상,정신이상,정신이상,정신박약,정신박약,정신박약,기타정신장애,기타정신장애,기타정신장애,소계,소계,소계,소계,소계
"범죄별(1)",범죄별(2),범죄별(3),계,남자,여자,계,남자,여자,계,계,남자,여자,계,남자,여자,계,남자,여자,계,남자,여자,계,계,계,남자,여자,계,남자,여자,계,계,남자,여자,계,남자,여자,계,남자,여자,계,남자,여자,계,계,계,남자,여자,계,남자,여자,계,계,남자,여자,계,남자,여자,계,남자,여자,계,남자,여자,계,계,계,남자,여자,계,남자,여자,계,계,남자,여자,계,남자,여자,계,남자,여자,계,남자,여자,계,계
"합계",소계,소계,66243,54437,11806,54997,45426,9571,361,62,49,13,109,100,9,190,162,28,4328,3568,760,2,6555,64478,53720,10758,54279,45528,8751,450,64,56,8,111,101,10,275,234,41,3596,2974,622,-,6153,54017,44840,9177,43831,36751,7080,416,64,58,6,93,85,8,259,212,47,2718,2179,539,2,7050,61024,50327,10697,51403,42715,8688,511,88,71,17,101,81,20,322,266,56,2662,2181,481,1,6447
"형법범",소계,소계,54495,44616,9879,45227,37258,7969,340,59,48,11,106,97,9,175,149,26,3579,2935,644,2,5347,50968,42609,8359,42950,36162,6788,401,58,52,6,104,97,7,239,207,32,2824,2348,476,-,4793,42388,35088,7300,34325,28733,5592,377,59,54,5,85,79,6,233,190,43,2171,1737,434,2,5513,48286,39951,8335,40360,33656,6704,455,77,65,12,94,75,19,284,237,47,2105,1708,397,1,5365
"형법범",재산범죄,소계,27808,23821,3987,25437,21917,3520,135,18,18,-,48,42,6,69,57,12,587,494,93,2,1647,28854,25169,3685,26403,23131,3272,177,21,19,2,47,43,4,109,90,19,548,475,73,-,1726,21785,18673,3112,19645,16993,2652,151,22,21,1,38,34,4,91,75,16,366,298,68,2,1621,24414,20631,3783,22257,18975,3282,201,23,20,3,41,29,12,137,116,21,365,300,65,-,1591
"형법범",재산범죄,절도,17141,14719,2422,16397,14095,2302,88,9,9,-,39,33,6,40,34,6,213,180,33,2,441,17066,15113,1953,16328,14482,1846,113,13,12,1,32,30,2,68,62,6,171,150,21,-,454,12715,11248,1467,12091,10743,1348,93,13,13,-,27,24,3,53,41,12,105,89,16,2,424,14797,12930,1867,14164,12413,1751,116,12,12,-,25,18,7,79,68,11,103,82,21,-,414
"형법범",재산범죄,장물,175,157,18,162,147,15,1,1,1,-,-,-,-,-,-,-,2,2,-,-,10,188,172,16,178,166,12,-,-,-,-,-,-,-,-,-,-,1,1,-,-,9,105,91,14,93,79,14,-,-,-,-,-,-,-,-,-,-,3,3,-,-,9,127,111,16,117,101,16,-,-,-,-,-,-,-,-,-,-,-,-,-,-,10
"형법범",재산범죄,사기,8087,6997,1090,6959,6141,818,8,1,1,-,2,2,-,5,3,2,108,84,24,-,1012,9211,7982,1229,7968,6962,1006,21,5,4,1,5,3,2,11,7,4,134,117,17,-,1088,6854,5626,1228,5830,4854,976,21,3,3,-,2,2,-,16,14,2,52,40,12,-,951,6762,5422,1340,5742,4684,1058,30,4,2,2,4,1,3,22,19,3,52,41,11,-,938
"형법범",재산범죄,횡령,1280,938,342,1168,855,313,8,1,1,-,2,2,-,5,5,-,28,16,12,-,76,1309,937,372,1202,869,333,14,-,-,-,4,4,-,10,7,3,30,13,17,-,63,983,699,284,903,656,247,8,-,-,-,2,1,1,6,5,1,24,9,15,-,48,1393,995,398,1286,930,356,18,1,1,-,3,1,2,14,11,3,15,5,10,-,74
"형법범",재산범죄,배임,1,1,-,-,-,-,-,-,-,-,-,-,-,-,-,-,-,-,-,-,1,3,3,-,2,2,-,-,-,-,-,-,-,-,-,-,-,-,-,-,-,1,1,1,-,1,1,-,-,-,-,-,-,-,-,-,-,-,-,-,-,-,-,-,-,-,-,-,-,-,-,-,-,-,-,-,-,-,-,-,-,-,-,-
"형법범",재산범죄,손괴,1124,1009,115,751,679,72,30,6,6,-,5,5,-,19,15,4,236,212,24,-,107,1077,962,115,725,650,75,29,3,3,-,6,6,-,20,14,6,212,194,18,-,111,1127,1008,119,727,660,67,29,6,5,1,7,7,-,16,15,1,182,157,25,-,189,1335,1173,162,948,847,101,37,6,5,1,9,9,-,22,18,4,195,172,23,-,155
"형법범",강력범죄(흉악),소계,3665,3422,243,2820,2621,199,65,6,5,1,29,29,-,30,28,2,448,432,16,-,332,3134,2917,217,2473,2286,187,75,13,12,1,34,34,-,28,25,3,277,274,3,-,309,3606,3385,221,2869,2696,173,67,10,10,-,17,17,-,40,37,3,236,227,9,-,434,4893,4615,278,3922,3703,219,67,8,8,-,25,25,-,34,31,3,220,212,8,-,684
"형법범",강력범죄(흉악),살인,20,12,8,14,7,7,2,-,-,-,-,-,-,2,2,-,3,3,-,-,1,9,7,2,6,4,2,3,1,1,-,1,1,-,1,1,-,-,-,-,-,-,11,10,1,10,9,1,1,-,-,-,1,1,-,-,-,-,-,-,-,-,-,15,14,1,5,5,-,2,1,1,-,-,-,-,1,1,-,2,1,1,-,6
"형법범",강력범죄(흉악),강도,366,276,90,348,262,86,2,1,1,-,-,-,-,1,-,1,8,6,2,-,8,324,252,72,308,237,71,3,-,-,-,-,-,-,3,3,-,5,5,-,-,8,178,140,38,170,133,37,-,-,-,-,-,-,-,-,-,-,3,3,-,-,5,169,136,33,161,129,32,1,-,-,-,-,-,-,1,-,1,6,6,-,-,1
"형법범",강력범죄(흉악),방화,99,91,8,85,79,6,6,2,1,1,1,1,-,3,3,-,2,2,-,-,6,99,92,7,80,75,5,9,4,3,1,2,2,-,3,2,1,4,4,-,-,6,76,67,9,64,57,7,4,-,-,-,1,1,-,3,1,2,3,3,-,-,5,95,80,15,86,73,13,5,1,1,-,2,2,-,2,1,1,2,1,1,-,2
"형법범",강력범죄(흉악),성폭력,3180,3043,137,2373,2273,100,55,3,3,-,28,28,-,24,23,1,435,421,14,-,317,2702,2566,136,2079,1970,109,60,8,8,-,31,31,-,21,19,2,268,265,3,-,295,3341,3168,173,2625,2497,128,62,10,10,-,15,15,-,37,36,1,230,221,9,-,424,4614,4385,229,3670,3496,174,59,6,6,-,23,23,-,30,29,1,210,204,6,-,675
"형법범",강력범죄(폭력),소계,18622,14366,4256,13757,10525,3232,103,24,16,8,19,16,3,60,52,8,2219,1764,455,-,2543,14744,11594,3150,10876,8536,2340,120,18,16,2,20,18,2,82,73,9,1786,1440,346,-,1962,13614,10554,3060,9512,7354,2158,130,22,19,3,27,25,2,81,58,23,1382,1071,311,-,2590,15429,12164,3265,11566,9112,2454,158,42,34,8,24,18,6,92,73,19,1299,1033,266,-,2406
"형법범",강력범죄(폭력),폭행,10139,7628,2511,6705,4951,1754,67,16,11,5,12,9,3,39,33,6,1349,1038,311,-,2018,7830,5907,1923,5122,3802,1320,72,10,9,1,15,15,-,47,40,7,1087,851,236,-,1549,7360,5459,1901,4551,3296,1255,70,11,9,2,12,11,1,47,32,15,780,580,200,-,1959,8513,6478,2035,5773,4346,1427,90,23,18,5,14,9,5,53,39,14,758,578,180,-,1892
"형법범",강력범죄(폭력),상해,4995,3898,1097,3983,3063,920,18,5,3,2,5,5,-,8,7,1,798,664,134,-,196,3616,2944,672,2836,2290,546,24,3,3,-,2,2,-,19,18,1,619,521,98,-,137,3230,2556,674,2532,1991,541,28,6,6,-,6,6,-,16,12,4,505,413,92,-,165,3415,2782,633,2819,2294,525,28,7,5,2,5,4,1,16,13,3,432,357,75,-,136
"형법범",강력범죄(폭력),협박,854,596,258,640,445,195,17,2,1,1,2,2,-,13,12,1,35,29,6,-,162,775,608,167,607,478,129,16,3,2,1,1,1,-,12,12,-,33,25,8,-,119,789,611,178,539,422,117,26,3,3,-,6,6,-,17,13,4,42,34,8,-,182,915,705,210,676,513,163,35,10,9,1,5,5,-,20,18,2,44,39,5,-,160
"형법범",강력범죄(폭력),공갈,1750,1545,205,1626,1433,193,1,1,1,-,-,-,-,-,-,-,21,18,3,-,102,1604,1397,207,1491,1306,185,3,1,1,-,1,-,1,1,1,-,11,9,2,-,99,1141,1032,109,979,888,91,2,1,-,1,1,-,1,-,-,-,17,15,2,-,143,1305,1162,143,1181,1052,129,4,1,1,-,-,-,-,3,3,-,30,28,2,-,90
"형법범",강력범죄(폭력),약취와유인,20,10,10,16,8,8,-,-,-,-,-,-,-,-,-,-,-,-,-,-,4,23,16,7,19,13,6,-,-,-,-,-,-,-,-,-,-,-,-,-,-,4,8,6,2,4,2,2,3,-,-,-,2,2,-,1,1,-,-,-,-,-,1,20,19,1,14,14,-,1,1,1,-,-,-,-,-,-,-,-,-,-,-,5
"형법범",강력범죄(폭력),체포와감금,253,194,59,223,167,56,-,-,-,-,-,-,-,-,-,-,4,4,-,-,26,255,196,59,220,170,50,3,-,-,-,1,-,1,2,2,-,5,5,-,-,27,212,159,53,159,121,38,1,1,1,-,-,-,-,-,-,-,1,1,-,-,51,313,222,91,241,171,70,-,-,-,-,-,-,-,-,-,-,3,3,-,-,69
"형법범",강력범죄(폭력),폭력행위등(손괴강요주거침입등),542,442,100,499,408,91,-,-,-,-,-,-,-,-,-,-,12,11,1,-,31,610,501,109,550,452,98,2,1,1,-,-,-,-,1,-,1,31,29,2,-,27,790,651,139,671,560,111,-,-,-,-,-,-,-,-,-,-,35,26,9,-,84,888,742,146,807,673,134,-,-,-,-,-,-,-,-,-,-,31,27,4,-,50
"형법범",강력범죄(폭력),폭력행위등(단체등의구성·활동),69,53,16,65,50,15,-,-,-,-,-,-,-,-,-,-,-,-,-,-,4,31,25,6,31,25,6,-,-,-,-,-,-,-,-,-,-,-,-,-,-,-,84,80,4,77,74,3,-,-,-,-,-,-,-,-,-,-,2,2,-,-,5,60,54,6,55,49,6,-,-,-,-,-,-,-,-,-,-,1,1,-,-,4
"형법범",위조범죄,소계,1349,809,540,1227,747,480,2,-,-,-,-,-,-,2,2,-,57,21,36,-,63,1277,742,535,1162,678,484,-,-,-,-,-,-,-,-,-,-,36,14,22,-,79,667,386,281,616,363,253,1,1,-,1,-,-,-,-,-,-,16,8,8,-,34,886,488,398,805,444,361,-,-,-,-,-,-,-,-,-,-,44,17,27,-,37
"형법범",위조범죄,통화,21,19,2,16,14,2,1,-,-,-,-,-,-,1,1,-,-,-,-,-,4,5,5,-,4,4,-,-,-,-,-,-,-,-,-,-,-,-,-,-,-,1,4,4,-,4,4,-,-,-,-,-,-,-,-,-,-,-,-,-,-,-,-,2,2,-,2,2,-,-,-,-,-,-,-,-,-,-,-,-,-,-,-,-
"형법범",위조범죄,유가증권·인지·우표,2,2,-,2,2,-,-,-,-,-,-,-,-,-,-,-,-,-,-,-,-,-,-,-,-,-,-,-,-,-,-,-,-,-,-,-,-,-,-,-,-,-,-,-,-,-,-,-,-,-,-,-,-,-,-,-,-,-,-,-,-,-,-,1,1,-,-,-,-,-,-,-,-,-,-,-,-,-,-,-,-,-,-,1
"형법범",위조범죄,문서,1309,773,536,1198,720,478,1,-,-,-,-,-,-,1,1,-,55,21,34,-,55,1250,717,533,1140,658,482,-,-,-,-,-,-,-,-,-,-,36,14,22,-,74,639,360,279,590,339,251,1,1,-,1,-,-,-,-,-,-,16,8,8,-,32,842,444,398,763,402,361,-,-,-,-,-,-,-,-,-,-,44,17,27,-,35
"형법범",위조범죄,인장,17,15,2,11,11,-,-,-,-,-,-,-,-,-,-,-,2,-,2,-,4,22,20,2,18,16,2,-,-,-,-,-,-,-,-,-,-,-,-,-,-,4,24,22,2,22,20,2,-,-,-,-,-,-,-,-,-,-,-,-,-,-,2,41,41,-,40,40,-,-,-,-,-,-,-,-,-,-,-,-,-,-,-,1
"형법범",공무원범죄,소계,-,-,-,-,-,-,-,-,-,-,-,-,-,-,-,-,-,-,-,-,-,-,-,-,-,-,-,-,-,-,-,-,-,-,-,-,-,-,-,-,-,-,-,-,-,-,-,-,-,-,-,-,-,-,-,-,-,-,-,-,-,-,-,-,-,-,-,-,-,-,-,-,-,-,-,-,-,-,-,-,-,-,-,-
"형법범",공무원범죄,직무유기,-,-,-,-,-,-,-,-,-,-,-,-,-,-,-,-,-,-,-,-,-,-,-,-,-,-,-,-,-,-,-,-,-,-,-,-,-,-,-,-,-,-,-,-,-,-,-,-,-,-,-,-,-,-,-,-,-,-,-,-,-,-,-,-,-,-,-,-,-,-,-,-,-,-,-,-,-,-,-,-,-,-,-,-
"형법범",공무원범죄,직권남용,-,-,-,-,-,-,-,-,-,-,-,-,-,-,-,-,-,-,-,-,-,-,-,-,-,-,-,-,-,-,-,-,-,-,-,-,-,-,-,-,-,-,-,-,-,-,-,-,-,-,-,-,-,-,-,-,-,-,-,-,-,-,-,-,-,-,-,-,-,-,-,-,-,-,-,-,-,-,-,-,-,-,-,-
"형법범",공무원범죄,수뢰,-,-,-,-,-,-,-,-,-,-,-,-,-,-,-,-,-,-,-,-,-,-,-,-,-,-,-,-,-,-,-,-,-,-,-,-,-,-,-,-,-,-,-,-,-,-,-,-,-,-,-,-,-,-,-,-,-,-,-,-,-,-,-,-,-,-,-,-,-,-,-,-,-,-,-,-,-,-,-,-,-,-,-,-
"형법범",공무원범죄,증뢰,-,-,-,-,-,-,-,-,-,-,-,-,-,-,-,-,-,-,-,-,-,-,-,-,-,-,-,-,-,-,-,-,-,-,-,-,-,-,-,-,-,-,-,-,-,-,-,-,-,-,-,-,-,-,-,-,-,-,-,-,-,-,-,-,-,-,-,-,-,-,-,-,-,-,-,-,-,-,-,-,-,-,-,-
"형법범",풍속범죄,소계,192,186,6,164,161,3,7,1,1,-,5,5,-,1,1,-,10,8,2,-,11,178,175,3,158,156,2,5,1,1,-,-,-,-,4,4,-,5,4,1,-,10,188,180,8,158,153,5,13,2,2,-,3,3,-,8,8,-,3,3,-,-,14,183,173,10,162,152,10,8,2,2,-,1,1,-,5,5,-,2,2,-,-,11
"형법범",풍속범죄,도박과복표,74,74,-,71,71,-,-,-,-,-,-,-,-,-,-,-,-,-,-,-,3,91,89,2,87,85,2,-,-,-,-,-,-,-,-,-,-,-,-,-,-,4,63,63,-,61,61,-,-,-,-,-,-,-,-,-,-,-,-,-,-,-,2,74,73,1,71,70,1,-,-,-,-,-,-,-,-,-,-,-,-,-,-,3
"형법범",풍속범죄,신앙,-,-,-,-,-,-,-,-,-,-,-,-,-,-,-,-,-,-,-,-,-,-,-,-,-,-,-,-,-,-,-,-,-,-,-,-,-,-,-,-,-,-,-,-,-,-,-,-,-,-,-,-,-,-,-,-,-,-,-,-,-,-,-,6,4,2,2,-,2,-,-,-,-,-,-,-,-,-,-,-,-,-,-,4
"형법범",풍속범죄,기타음란행위,118,112,6,93,90,3,7,1,1,-,5,5,-,1,1,-,10,8,2,-,8,87,86,1,71,71,-,5,1,1,-,-,-,-,4,4,-,5,4,1,-,6,125,117,8,97,92,5,13,2,2,-,3,3,-,8,8,-,3,3,-,-,12,103,96,7,89,82,7,8,2,2,-,1,1,-,5,5,-,2,2,-,-,4
"형법범",과실범죄,소계,131,98,33,101,77,24,2,-,-,-,-,-,-,2,-,2,7,5,2,-,21,129,94,35,104,77,27,1,-,-,-,-,-,-,1,1,-,4,2,2,-,20,132,99,33,104,77,27,2,-,-,-,-,-,-,2,2,-,8,6,2,-,18,154,125,29,123,102,21,1,-,-,-,1,-,1,-,-,-,4,2,2,-,26
"형법범",과실범죄,과실치사상,58,44,14,36,28,8,-,-,-,-,-,-,-,-,-,-,6,5,1,-,16,58,38,20,45,30,15,-,-,-,-,-,-,-,-,-,-,1,-,1,-,12,59,42,17,39,27,12,2,-,-,-,-,-,-,2,2,-,4,2,2,-,14,62,48,14,46,35,11,-,-,-,-,-,-,-,-,-,-,3,2,1,-,13
"형법범",과실범죄,업무상과실치사상,4,3,1,4,3,1,-,-,-,-,-,-,-,-,-,-,-,-,-,-,-,5,3,2,2,1,1,-,-,-,-,-,-,-,-,-,-,-,-,-,-,3,1,1,-,-,-,-,-,-,-,-,-,-,-,-,-,-,1,1,-,-,-,4,3,1,2,2,-,-,-,-,-,-,-,-,-,-,-,-,-,-,-,2
"형법범",과실범죄,실화,69,51,18,61,46,15,2,-,-,-,-,-,-,2,-,2,1,-,1,-,5,66,53,13,57,46,11,1,-,-,-,-,-,-,1,1,-,3,2,1,-,5,72,56,16,65,50,15,-,-,-,-,-,-,-,-,-,-,3,3,-,-,4,88,74,14,75,65,10,1,-,-,-,1,-,1,-,-,-,1,-,1,-,11
"형법범",기타형법범죄,소계,2728,1914,814,1721,1210,511,26,10,8,2,5,5,-,11,9,2,251,211,40,-,730,2652,1918,734,1774,1298,476,23,5,4,1,3,2,1,15,14,1,168,139,29,-,687,2396,1811,585,1421,1097,324,13,2,2,-,-,-,-,11,10,1,160,124,36,-,802,2327,1755,572,1525,1168,357,20,2,1,1,2,2,-,16,12,4,171,142,29,1,610
"형법범",기타형법범죄,명예,1393,844,549,819,483,336,4,2,-,2,1,1,-,1,1,-,25,20,5,-,545,1340,847,493,789,472,317,2,-,-,-,-,-,-,2,2,-,27,23,4,-,522,1317,920,397,710,489,221,2,-,-,-,-,-,-,2,1,1,21,15,6,-,584,1140,799,341,682,470,212,3,-,-,-,-,-,-,3,1,2,29,22,7,-,426
"형법범",기타형법범죄,권리행사방해,147,96,51,124,79,45,1,-,-,-,1,1,-,-,-,-,3,2,1,-,19,148,113,35,128,103,25,2,-,-,-,-,-,-,2,2,-,-,-,-,-,18,167,142,25,131,117,14,-,-,-,-,-,-,-,-,-,-,1,-,1,-,35,141,111,30,117,90,27,-,-,-,-,-,-,-,-,-,-,2,2,-,-,22
"형법범",기타형법범죄,신용업무경매,214,172,42,114,85,29,5,3,3,-,1,1,-,1,1,-,56,49,7,-,39,214,173,41,139,113,26,1,-,-,-,1,1,-,-,-,-,46,38,8,-,28,151,119,32,68,56,12,2,1,1,-,-,-,-,1,1,-,17,14,3,-,64,152,123,29,79,64,15,1,-,-,-,-,-,-,1,1,-,31,28,3,-,41
"형법범",기타형법범죄,주거침입,682,582,100,559,482,77,8,4,4,-,1,1,-,3,3,-,47,38,9,-,68,698,607,91,594,519,75,11,4,3,1,1,1,-,6,6,-,31,26,5,-,62,514,446,68,420,363,57,6,1,1,-,-,-,-,5,5,-,27,24,3,-,61,621,520,101,512,432,80,10,-,-,-,2,2,-,8,7,1,32,24,8,1,66
"형법범",기타형법범죄,비밀침해,-,-,-,-,-,-,-,-,-,-,-,-,-,-,-,-,-,-,-,-,-,-,-,-,-,-,-,-,-,-,-,-,-,-,-,-,-,-,-,-,-,-,-,-,-,-,-,-,-,-,-,-,-,-,-,-,-,-,-,-,-,-,-,1,1,-,1,1,-,-,-,-,-,-,-,-,-,-,-,-,-,-,-,-
"형법범",기타형법범죄,유기,1,-,1,1,-,1,-,-,-,-,-,-,-,-,-,-,-,-,-,-,-,3,-,3,3,-,3,-,-,-,-,-,-,-,-,-,-,-,-,-,-,-,2,2,-,1,1,-,-,-,-,-,-,-,-,-,-,-,-,-,-,-,1,5,3,2,5,3,2,-,-,-,-,-,-,-,-,-,-,-,-,-,-,-
"형법범",기타형법범죄,교통방해,-,-,-,-,-,-,-,-,-,-,-,-,-,-,-,-,-,-,-,-,-,1,1,-,1,1,-,-,-,-,-,-,-,-,-,-,-,-,-,-,-,-,1,-,1,1,-,1,-,-,-,-,-,-,-,-,-,-,-,-,-,-,-,2,1,1,-,-,-,-,-,-,-,-,-,-,-,-,-,-,-,-,-,2
"형법범",기타형법범죄,공무방해,191,162,29,58,50,8,7,1,1,-,1,1,-,5,3,2,117,99,18,-,9,153,128,25,71,59,12,6,1,1,-,-,-,-,5,4,1,63,51,12,-,13,175,141,34,66,56,10,3,-,-,-,-,-,-,3,3,-,94,71,23,-,12,193,171,22,104,96,8,6,2,1,1,-,-,-,4,3,1,73,62,11,-,10
"형법범",기타형법범죄,도주와범인은닉,27,26,1,22,22,-,-,-,-,-,-,-,-,-,-,-,2,2,-,-,3,18,14,4,13,9,4,-,-,-,-,-,-,-,-,-,-,-,-,-,-,5,15,13,2,10,9,1,-,-,-,-,-,-,-,-,-,-,-,-,-,-,5,13,11,2,8,7,1,-,-,-,-,-,-,-,-,-,-,4,4,-,-,1
"형법범",기타형법범죄,위증과증거인멸,12,4,8,3,1,2,-,-,-,-,-,-,-,-,-,-,-,-,-,-,9,9,4,5,4,3,1,-,-,-,-,-,-,-,-,-,-,-,-,-,-,5,7,3,4,4,-,4,-,-,-,-,-,-,-,-,-,-,-,-,-,-,3,7,3,4,1,1,-,-,-,-,-,-,-,-,-,-,-,-,-,-,-,6
"형법범",기타형법범죄,무고,59,26,33,21,8,13,1,-,-,-,-,-,-,1,1,-,1,1,-,-,36,59,23,36,25,13,12,1,-,-,-,1,-,1,-,-,-,1,1,-,-,32,47,25,22,10,6,4,-,-,-,-,-,-,-,-,-,-,-,-,-,-,37,51,11,40,16,4,12,-,-,-,-,-,-,-,-,-,-,-,-,-,-,35
"형법범",기타형법범죄,공안을해하는죄,2,2,-,-,-,-,-,-,-,-,-,-,-,-,-,-,-,-,-,-,2,6,6,-,4,4,-,-,-,-,-,-,-,-,-,-,-,-,-,-,-,2,-,-,-,-,-,-,-,-,-,-,-,-,-,-,-,-,-,-,-,-,-,1,1,-,-,-,-,-,-,-,-,-,-,-,-,-,-,-,-,-,-,1
"형법범",기타형법범죄,내란의죄,-,-,-,-,-,-,-,-,-,-,-,-,-,-,-,-,-,-,-,-,-,-,-,-,-,-,-,-,-,-,-,-,-,-,-,-,-,-,-,-,-,-,-,-,-,-,-,-,-,-,-,-,-,-,-,-,-,-,-,-,-,-,-,-,-,-,-,-,-,-,-,-,-,-,-,-,-,-,-,-,-,-,-,-
"형법범",기타형법범죄,음용수에관한죄,-,-,-,-,-,-,-,-,-,-,-,-,-,-,-,-,-,-,-,-,-,-,-,-,-,-,-,-,-,-,-,-,-,-,-,-,-,-,-,-,-,-,-,-,-,-,-,-,-,-,-,-,-,-,-,-,-,-,-,-,-,-,-,-,-,-,-,-,-,-,-,-,-,-,-,-,-,-,-,-,-,-,-,-
"형법범",기타형법범죄,일수와수리에관한죄,-,-,-,-,-,-,-,-,-,-,-,-,-,-,-,-,-,-,-,-,-,-,-,-,-,-,-,-,-,-,-,-,-,-,-,-,-,-,-,-,-,-,-,-,-,-,-,-,-,-,-,-,-,-,-,-,-,-,-,-,-,-,-,-,-,-,-,-,-,-,-,-,-,-,-,-,-,-,-,-,-,-,-,-
"형법범",기타형법범죄,기타,-,-,-,-,-,-,-,-,-,-,-,-,-,-,-,-,-,-,-,-,-,3,2,1,3,2,1,-,-,-,-,-,-,-,-,-,-,-,-,-,-,-,-,-,-,-,-,-,-,-,-,-,-,-,-,-,-,-,-,-,-,-,-,-,-,-,-,-,-,-,-,-,-,-,-,-,-,-,-,-,-,-,-,-
"특별법범",소계,소계,11748,9821,1927,9770,8168,1602,21,3,1,2,3,3,-,15,13,2,749,633,116,-,1208,13510,11111,2399,11329,9366,1963,49,6,4,2,7,4,3,36,27,9,772,626,146,-,1360,11629,9752,1877,9506,8018,1488,39,5,4,1,8,6,2,26,22,4,547,442,105,-,1537,12738,10376,2362,11043,9059,1984,56,11,6,5,7,6,1,38,29,9,557,473,84,-,1082
"특별법범",주요 특별법범,소계,7523,6951,572,6209,5738,471,12,-,-,-,2,2,-,10,8,2,572,538,34,-,730,9026,8227,799,7590,6927,663,25,2,1,1,4,2,2,19,15,4,582,530,52,-,829,7616,6916,700,6200,5656,544,23,1,1,-,6,5,1,16,15,1,427,384,43,-,966,7516,6862,654,6640,6078,562,17,4,4,-,2,1,1,11,10,1,448,414,34,-,411
"특별법범",주요 특별법범,경범죄처벌법,85,71,14,53,46,7,1,-,-,-,-,-,-,1,1,-,16,14,2,-,15,88,80,8,60,55,5,7,-,-,-,2,1,1,5,5,-,17,15,2,-,4,94,77,17,65,51,14,9,-,-,-,4,4,-,5,5,-,8,6,2,-,12,156,129,27,114,90,24,2,-,-,-,-,-,-,2,2,-,17,15,2,-,23
"특별법범",주요 특별법범,교통사고처리특례법,2270,2178,92,1693,1634,59,-,-,-,-,-,-,-,-,-,-,60,56,4,-,517,2518,2349,169,1870,1749,121,-,-,-,-,-,-,-,-,-,-,83,78,5,-,565,2282,2094,188,1577,1459,118,4,-,-,-,1,-,1,3,3,-,48,43,5,-,653,1904,1668,236,1705,1492,213,3,1,1,-,1,-,1,1,1,-,50,43,7,-,146
"특별법범",주요 특별법범,도로교통법,4661,4407,254,4018,3795,223,8,-,-,-,2,2,-,6,6,-,493,468,25,-,142,5055,4712,343,4441,4150,291,6,1,1,-,-,-,-,5,5,-,464,421,43,-,144,4241,3936,305,3700,3451,249,7,1,1,-,-,-,-,6,5,1,359,328,31,-,175,4510,4240,270,3974,3751,223,9,2,2,-,-,-,-,7,6,1,373,350,23,-,154
"특별법범",주요 특별법범,마약류관리에관한법률,85,45,40,69,35,34,2,-,-,-,-,-,-,2,-,2,-,-,-,-,14,135,79,56,112,67,45,10,1,-,1,1,-,1,8,4,4,-,-,-,-,13,182,97,85,165,87,78,1,-,-,-,-,-,-,1,1,-,3,-,3,-,13,-,-,-,-,-,-,-,-,-,-,-,-,-,-,-,-,-,-,-,-,-
"특별법범",주요 특별법범,성매매알선등행위의처벌에관한법률,106,27,79,93,23,70,-,-,-,-,-,-,-,-,-,-,-,-,-,-,13,88,20,68,74,12,62,-,-,-,-,-,-,-,-,-,-,-,-,-,-,14,22,6,16,19,4,15,-,-,-,-,-,-,-,-,-,-,1,1,-,-,2,24,9,15,16,3,13,-,-,-,-,-,-,-,-,-,-,-,-,-,-,8
"특별법범",주요 특별법범,아동·청소년의성보호에관한법률(성매수등),174,86,88,152,79,73,-,-,-,-,-,-,-,-,-,-,3,-,3,-,19,191,91,100,173,82,91,-,-,-,-,-,-,-,-,-,-,2,2,-,-,16,138,83,55,118,71,47,-,-,-,-,-,-,-,-,-,-,-,-,-,-,20,108,56,52,95,50,45,-,-,-,-,-,-,-,-,-,-,-,-,-,-,13
"특별법범",주요 특별법범,아동·청소년의성보호에관한법률(성착취물등),-,-,-,-,-,-,-,-,-,-,-,-,-,-,-,-,-,-,-,-,-,760,721,39,701,665,36,1,-,-,-,1,1,-,-,-,-,1,1,-,-,57,505,485,20,435,420,15,2,-,-,-,1,1,-,1,1,-,-,-,-,-,68,620,594,26,564,541,23,3,1,1,-,1,1,-,1,1,-,1,1,-,-,52
"특별법범",주요 특별법범,아동·청소년의성보호에관한법률(음란물등),135,131,4,125,121,4,1,-,-,-,-,-,-,1,1,-,-,-,-,-,9,-,-,-,-,-,-,-,-,-,-,-,-,-,-,-,-,-,-,-,-,-,-,-,-,-,-,-,-,-,-,-,-,-,-,-,-,-,-,-,-,-,-,-,-,-,-,-,-,-,-,-,-,-,-,-,-,-,-,-,-,-,-,-
"특별법범",주요 특별법범,특가법(도주차량),7,6,1,6,5,1,-,-,-,-,-,-,-,-,-,-,-,-,-,-,1,191,175,16,159,147,12,1,-,-,-,-,-,-,1,1,-,15,13,2,-,16,152,138,14,121,113,8,-,-,-,-,-,-,-,-,-,-,8,6,2,-,23,194,166,28,172,151,21,-,-,-,-,-,-,-,-,-,-,7,5,2,-,15
