"범죄별(1)",범죄별(2),범죄별(3),2019,2019,2019,2019,2019,2019,2019,2019,2019,2019,2019,2019,2019,2019,2019,2019,2019,2019,2019,2019,2020,2020,2020,2020,2020,2020,2020,2020,2020,2020,2020,2020,2020,2020,2020,2020,2020,2020,2020,2020,2021,2021,2021,2021,2021,2021,2021,2021,2021,2021,2021,2021,2021,2021,2021,2021,2021,2021,2021,2021,2022,2022,2022,2022,2022,2022,2022,2022,2022,2022,2022,2022,2022,2022,2022,2022,2022,2022,2022,2022
"범죄별(1)",범죄별(2),범죄별(3),합계,불취학,초등학교,초등학교,초등학교,중학교,중학교,중학교,고등학교,고등학교,고등학교,전문대학,전문대학,전문대학,대학교,대학교,대학교,대학원,기타,미상,합계,불취학,초등학교,초등학교,초등학교,중학교,중학교,중학교,고등학교,고등학교,고등학교,전문대학,전문대학,전문대학,대학교,대학교,대학교,대학원,기타,미상,합계,불취학,초등학교,초등학교,초등학교,중학교,중학교,중학교,고등학교,고등학교,고등학교,전문대학,전문대학,전문대학,대학교,대학교,대학교,대학원,기타,미상,합계,불취학,초등학교,초등학교,초등학교,중학교,중학교,중학교,고등학교,고등학교,고등학교,전문대학,전문대학,전문대학,대학교,대학교,대학교,대학원,기타,미상
"범죄별(1)",범죄별(2),범죄별(3),소계,소계,재중,중퇴,졸업,재중,중퇴,졸업,재중,중퇴,졸업,재중,중퇴,졸업,재중,중퇴,졸업,소계,소계,소계,소계,소계,재중,중퇴,졸업,재중,중퇴,졸업,재중,중퇴,졸업,재중,중퇴,졸업,재중,중퇴,졸업,소계,소계,소계,소계,소계,재중,중퇴,졸업,재중,중퇴,졸업,재중,중퇴,졸업,재중,중퇴,졸업,재중,중퇴,졸업,소계,소계,소계,소계,소계,재중,중퇴,졸업,재중,중퇴,졸업,재중,중퇴,졸업,재중,중퇴,졸업,재중,중퇴,졸업,소계,소계,소계
"합계",소계,소계,66247,14,56,17,68,13286,1395,1748,23084,9492,4232,550,38,13,1494,43,-,-,-,10717,64480,12,85,32,87,13912,1021,1925,24804,7905,4010,487,11,9,1522,58,-,-,-,8600,54017,18,82,16,60,12406,653,1234,22076,5784,3420,526,25,7,1490,39,-,-,-,6181,61026,19,90,17,71,16238,951,1536,22426,7140,3273,415,20,11,1641,40,0,0,0,7138
"형법범",소계,소계,54497,12,51,14,63,12076,1243,1383,18166,7664,3336,426,33,11,1128,33,-,-,-,8858,50969,8,71,28,67,12191,856,1538,18680,6247,3040,351,10,5,1062,50,-,-,-,6765,42388,15,70,9,50,10942,551,932,16511,4409,2582,403,22,5,1061,28,-,-,-,4798,48286,15,77,14,50,14301,796,1154,16778,5405,2349,305,15,4,1147,32,0,0,0,5844
"형법범",재산범죄,소계,27809,7,27,10,44,7404,800,839,9407,4611,1483,160,13,4,402,14,-,-,-,2584,28855,4,48,18,46,8158,556,1023,10607,3893,1509,130,2,2,392,32,-,-,-,2435,21785,8,46,3,34,6644,315,544,8317,2572,1138,149,14,1,377,20,-,-,-,1603,24414,12,46,7,23,8476,514,683,8032,3148,1029,118,9,1,452,10,0,0,0,1854
"형법범",재산범죄,절도,17141,4,22,5,28,6125,503,433,5990,2358,560,68,3,1,157,5,-,-,-,879,17066,1,37,11,27,6482,358,523,6434,1848,455,51,-,-,103,9,-,-,-,727,12715,7,36,2,14,5149,171,243,4910,1284,308,44,3,-,93,3,-,-,-,448,14797,9,34,5,12,6278,365,330,4937,1730,354,53,0,0,144,4,0,0,0,542
"형법범",재산범죄,장물,175,-,-,1,-,46,2,3,69,19,13,1,-,-,4,-,-,-,-,17,188,-,-,-,-,42,3,4,80,26,13,-,-,-,1,-,-,-,-,19,105,-,-,-,1,28,1,-,47,9,7,1,-,-,2,-,-,-,-,9,127,0,1,0,0,36,0,5,47,16,4,0,0,0,5,0,0,0,0,13
"형법범",재산범죄,사기,8088,2,4,3,13,843,245,324,2405,1899,734,65,7,3,152,9,-,-,-,1380,9212,3,9,4,14,1135,164,438,3102,1729,890,66,2,1,201,22,-,-,-,1432,6854,1,6,-,16,1025,113,255,2438,1049,682,78,10,1,214,15,-,-,-,951,6762,0,7,2,11,1389,120,273,2036,1075,540,40,6,1,212,5,0,0,0,1045
"형법범",재산범죄,횡령,1280,-,-,-,3,199,23,37,600,164,79,9,1,-,48,-,-,-,-,117,1309,-,2,2,1,258,16,35,629,149,79,4,-,1,42,-,-,-,-,91,983,-,-,1,-,210,14,16,516,93,61,4,-,-,22,-,-,-,-,46,1393,3,1,0,0,423,14,44,579,157,50,6,1,0,25,0,0,0,0,90
"형법범",재산범죄,배임,1,-,-,-,-,-,-,-,-,-,-,-,-,-,-,-,-,-,-,1,3,-,-,-,-,-,-,-,2,-,-,-,-,-,-,-,-,-,-,1,1,-,-,-,-,-,-,-,1,-,-,-,-,-,-,-,-,-,-,-,0,0,0,0,0,0,0,0,0,0,0,0,0,0,0,0,0,0,0,0
"형법범",재산범죄,손괴,1124,1,1,1,-,191,27,42,343,171,97,17,2,-,41,-,-,-,-,190,1077,-,-,1,4,241,15,23,360,141,72,9,-,-,45,1,-,-,-,165,1127,-,4,-,3,232,16,30,405,137,80,22,1,-,46,2,-,-,-,149,1335,0,3,0,0,350,15,31,433,170,81,19,2,0,66,1,0,0,0,164
"형법범",강력범죄(흉악),소계,3665,-,2,-,-,712,47,45,1608,331,240,34,5,1,118,3,-,-,-,519,3134,-,6,3,1,681,30,58,1445,236,166,21,1,1,90,-,-,-,-,395,3606,-,6,1,4,913,15,42,1722,196,185,31,1,-,120,-,-,-,-,370,4893,0,6,0,5,1150,33,64,2252,218,208,28,1,1,198,2,0,0,0,727
"형법범",강력범죄(흉악),살인,20,-,-,-,-,4,-,-,6,5,2,1,-,-,-,-,-,-,-,2,9,-,-,-,-,2,-,2,3,2,-,-,-,-,-,-,-,-,-,-,11,-,-,-,-,3,1,-,1,4,-,1,-,-,1,-,-,-,-,-,15,0,0,0,0,1,2,1,4,0,0,1,0,0,0,0,0,0,0,6
"형법범",강력범죄(흉악),강도,366,-,1,-,-,69,24,13,107,99,33,3,2,-,5,-,-,-,-,10,324,-,-,-,1,85,8,11,127,61,15,1,-,-,3,-,-,-,-,12,178,-,-,1,1,54,5,6,76,18,10,-,-,-,1,-,-,-,-,6,169,0,0,0,0,30,11,9,68,41,5,1,0,0,1,0,0,0,0,3
"형법범",강력범죄(흉악),방화,99,-,-,-,-,43,1,8,32,3,-,-,-,-,-,-,-,-,-,12,99,-,-,-,-,35,-,1,38,8,8,1,-,-,1,-,-,-,-,7,76,-,-,-,-,32,-,4,28,7,3,-,-,-,1,-,-,-,-,1,95,0,0,0,0,46,1,6,32,7,0,0,0,0,0,0,0,0,0,3
"형법범",강력범죄(흉악),성폭력,3180,-,1,-,-,596,22,24,1463,224,205,30,3,1,113,3,-,-,-,495,2702,-,6,3,-,559,22,44,1277,165,143,19,1,1,86,-,-,-,-,376,3341,-,6,-,3,824,9,32,1617,167,172,30,1,-,117,-,-,-,-,363,4614,0,6,0,5,1073,19,48,2148,170,203,26,1,1,197,2,0,0,0,715
"형법범",강력범죄(폭력),소계,18622,5,19,2,15,3400,346,409,5664,2250,1308,185,15,4,372,13,-,-,-,4615,14744,4,15,7,14,2790,230,377,4976,1687,1091,151,3,2,393,15,-,-,-,2989,13614,6,14,5,10,2845,183,297,5052,1373,1093,198,6,3,451,6,-,-,-,2072,15429,3,21,6,16,3929,217,340,5156,1692,939,142,5,2,391,14,0,0,0,2556
"형법범",강력범죄(폭력),폭행,10139,2,10,1,12,1466,169,213,2661,975,734,90,10,1,183,5,-,-,-,3607,7830,4,8,1,8,1220,101,182,2270,793,594,77,1,1,245,9,-,-,-,2316,7360,5,9,4,2,1400,86,144,2517,651,618,123,2,3,267,4,-,-,-,1525,8513,2,7,4,10,1949,111,165,2613,820,551,68,2,2,225,8,0,0,0,1976
"형법범",강력범죄(폭력),상해,4995,3,5,-,2,1119,70,114,1915,690,415,74,4,2,164,4,-,-,-,414,3616,-,5,4,4,734,59,84,1498,433,368,55,-,1,112,3,-,-,-,256,3230,1,4,-,1,711,37,79,1345,384,319,53,-,-,125,-,-,-,-,171,3415,1,7,2,2,954,51,85,1321,394,248,47,2,0,124,4,0,0,0,173
"형법범",강력범죄(폭력),협박,854,-,-,-,-,154,12,10,231,100,49,7,-,-,4,2,-,-,-,285,775,-,-,1,-,166,15,18,265,84,39,5,-,-,12,3,-,-,-,167,789,-,-,1,1,169,13,16,300,65,42,10,2,-,17,1,-,-,-,152,915,0,0,0,1,213,12,33,298,119,48,5,0,0,16,0,0,0,0,170
"형법범",강력범죄(폭력),공갈,1750,-,3,1,1,413,70,50,594,352,65,10,1,-,15,1,-,-,-,174,1604,-,1,-,1,408,38,66,583,277,57,5,2,-,11,-,-,-,-,155,1141,-,-,-,2,311,28,36,410,169,44,6,1,-,13,-,-,-,-,121,1305,0,5,0,3,421,22,34,444,214,44,7,1,0,12,1,0,0,0,97
"형법범",강력범죄(폭력),약취와 유인,20,-,-,-,-,4,2,-,2,7,1,-,-,-,-,-,-,-,-,4,23,-,-,-,-,6,-,3,6,1,2,-,-,-,-,-,-,-,-,5,8,-,-,-,-,-,1,-,3,-,3,-,-,-,-,-,-,-,-,1,20,0,0,0,0,1,1,0,8,3,1,0,0,0,0,0,0,0,0,6
"형법범",강력범죄(폭력),체포와 감금,253,-,-,-,-,41,5,9,58,51,22,2,-,-,3,1,-,-,-,61,255,-,-,-,-,31,8,8,85,46,13,8,-,-,4,-,-,-,-,52,212,-,-,-,1,34,5,3,61,28,23,2,1,-,6,-,-,-,-,48,313,0,0,0,0,41,8,13,91,51,32,2,0,0,2,0,0,0,0,73
"형법범",강력범죄(폭력),폭력행위등(손괴강요주거침입등),542,-,-,-,-,187,15,12,173,72,16,2,-,1,3,-,-,-,-,61,610,-,1,1,1,221,8,15,256,48,16,1,-,-,6,-,-,-,-,36,790,-,1,-,2,211,13,19,364,72,38,3,-,-,16,1,-,-,-,50,888,0,2,0,0,339,12,8,353,78,13,13,0,0,12,1,0,0,0,57
"형법범",강력범죄(폭력),폭력행위 등(단체 등의 구성ㆍ활동),69,-,1,-,-,16,3,1,30,3,6,-,-,-,-,-,-,-,-,9,31,-,-,-,-,4,1,1,13,5,2,-,-,-,3,-,-,-,-,2,84,-,-,-,1,9,-,-,52,4,6,1,-,-,7,-,-,-,-,4,60,0,0,0,0,11,0,2,28,13,2,0,0,0,0,0,0,0,0,4
"형법범",위조범죄,소계,1350,-,-,2,2,67,21,36,658,220,116,17,-,-,113,1,-,-,-,97,1277,-,2,-,1,70,17,31,616,221,111,24,3,-,82,1,-,-,-,98,667,-,-,-,-,68,11,15,382,81,42,6,-,-,24,1,-,-,-,37,886,0,0,1,1,92,12,23,457,170,51,4,0,0,26,1,0,0,0,48
"형법범",위조범죄,통화,21,-,-,-,-,-,-,1,9,3,2,-,-,-,-,-,-,-,-,6,5,-,-,-,-,-,-,-,4,-,-,-,-,-,-,-,-,-,-,1,4,-,-,-,-,-,-,-,4,-,-,-,-,-,-,-,-,-,-,-,2,0,0,0,0,2,0,0,0,0,0,0,0,0,0,0,0,0,0,0
"형법범",위조범죄,유가증권ㆍ인지ㆍ우표,2,-,-,-,-,-,1,-,-,-,1,-,-,-,-,-,-,-,-,-,-,-,-,-,-,-,-,-,-,-,-,-,-,-,-,-,-,-,-,-,-,-,-,-,-,-,-,-,-,-,-,-,-,-,-,-,-,-,-,-,1,0,0,0,0,0,0,0,0,0,0,0,0,0,0,0,0,0,0,1
"형법범",위조범죄,문서,1310,-,-,2,2,67,19,35,643,213,112,17,-,-,112,1,-,-,-,87,1250,-,2,-,1,69,16,29,601,220,110,24,3,-,81,1,-,-,-,93,639,-,-,-,-,67,11,15,365,78,40,6,-,-,21,1,-,-,-,35,842,0,0,1,1,89,11,20,434,159,50,4,0,0,26,1,0,0,0,46
"형법범",위조범죄,인장,17,-,-,-,-,-,1,-,6,4,1,-,-,-,1,-,-,-,-,4,22,-,-,-,-,1,1,2,11,1,1,-,-,-,1,-,-,-,-,4,24,-,-,-,-,1,-,-,13,3,2,-,-,-,3,-,-,-,-,2,41,0,0,0,0,1,1,3,23,11,1,0,0,0,0,0,0,0,0,1
"형법범",공무원범죄,소계,-,-,-,-,-,-,-,-,-,-,-,-,-,-,-,-,-,-,-,-,-,-,-,-,-,-,-,-,-,-,-,-,-,-,-,-,-,-,-,-,-,-,-,-,-,-,-,-,-,-,-,-,-,-,-,-,-,-,-,-,0,0,0,0,0,0,0,0,0,0,0,0,0,0,0,0,0,0,0,0
"형법범",공무원범죄,직무유기,-,-,-,-,-,-,-,-,-,-,-,-,-,-,-,-,-,-,-,-,-,-,-,-,-,-,-,-,-,-,-,-,-,-,-,-,-,-,-,-,-,-,-,-,-,-,-,-,-,-,-,-,-,-,-,-,-,-,-,-,0,0,0,0,0,0,0,0,0,0,0,0,0,0,0,0,0,0,0,0
"형법범",공무원범죄,직권남용,-,-,-,-,-,-,-,-,-,-,-,-,-,-,-,-,-,-,-,-,-,-,-,-,-,-,-,-,-,-,-,-,-,-,-,-,-,-,-,-,-,-,-,-,-,-,-,-,-,-,-,-,-,-,-,-,-,-,-,-,0,0,0,0,0,0,0,0,0,0,0,0,0,0,0,0,0,0,0,0
"형법범",공무원범죄,수뢰,-,-,-,-,-,-,-,-,-,-,-,-,-,-,-,-,-,-,-,-,-,-,-,-,-,-,-,-,-,-,-,-,-,-,-,-,-,-,-,-,-,-,-,-,-,-,-,-,-,-,-,-,-,-,-,-,-,-,-,-,0,0,0,0,0,0,0,0,0,0,0,0,0,0,0,0,0,0,0,0
"형법범",공무원범죄,증뢰,-,-,-,-,-,-,-,-,-,-,-,-,-,-,-,-,-,-,-,-,-,-,-,-,-,-,-,-,-,-,-,-,-,-,-,-,-,-,-,-,-,-,-,-,-,-,-,-,-,-,-,-,-,-,-,-,-,-,-,-,0,0,0,0,0,0,0,0,0,0,0,0,0,0,0,0,0,0,0,0
"형법범",풍속범죄,소계,192,-,-,-,-,25,-,2,82,12,24,3,-,-,26,-,-,-,-,18,178,-,-,-,-,29,1,6,82,8,27,1,-,-,12,-,-,-,-,12,188,-,1,-,-,42,1,3,98,5,16,-,-,-,6,-,-,-,-,16,183,0,0,0,0,33,1,2,104,10,13,0,0,0,8,0,0,0,0,12
"형법범",풍속범죄,도박과 복표,74,-,-,-,-,4,-,1,29,3,15,2,-,-,15,-,-,-,-,5,91,-,-,-,-,5,-,5,38,5,23,1,-,-,10,-,-,-,-,4,63,-,-,-,-,10,-,1,33,3,8,-,-,-,4,-,-,-,-,4,74,0,0,0,0,8,1,2,43,7,6,0,0,0,3,0,0,0,0,4
"형법범",풍속범죄,신앙,-,-,-,-,-,-,-,-,-,-,-,-,-,-,-,-,-,-,-,-,-,-,-,-,-,-,-,-,-,-,-,-,-,-,-,-,-,-,-,-,-,-,-,-,-,-,-,-,-,-,-,-,-,-,-,-,-,-,-,-,6,0,0,0,0,0,0,0,1,1,0,0,0,0,0,0,0,0,0,4
"형법범",풍속범죄,기타 음란행위,118,-,-,-,-,21,-,1,53,9,9,1,-,-,11,-,-,-,-,13,87,-,-,-,-,24,1,1,44,3,4,-,-,-,2,-,-,-,-,8,125,-,1,-,-,32,1,2,65,2,8,-,-,-,2,-,-,-,-,12,103,0,0,0,0,25,0,0,60,2,7,0,0,0,5,0,0,0,0,4
"형법범",과실범죄,소계,131,-,1,-,-,30,1,3,44,7,4,1,-,-,6,-,-,-,-,34,129,-,-,-,2,28,2,1,48,7,3,3,-,-,9,-,-,-,-,26,132,-,-,-,-,31,1,-,59,7,7,-,-,-,8,-,-,-,-,19,154,0,0,0,0,48,2,0,54,8,4,0,0,0,11,0,0,0,0,27
"형법범",과실범죄,과실치사상,58,-,-,-,-,8,-,1,17,4,2,1,-,-,3,-,-,-,-,22,58,-,-,-,1,10,-,-,22,3,1,-,-,-,4,-,-,-,-,17,59,-,-,-,-,11,1,-,24,1,3,-,-,-,6,-,-,-,-,13,62,0,0,0,0,16,0,0,24,2,3,0,0,0,4,0,0,0,0,13
"형법범",과실범죄,업무상 과실치사상,4,-,-,-,-,-,-,-,2,-,1,-,-,-,1,-,-,-,-,-,5,-,-,-,-,-,-,1,1,-,-,-,-,-,-,-,-,-,-,3,1,-,-,-,-,-,-,-,1,-,-,-,-,-,-,-,-,-,-,-,4,0,0,0,0,0,0,0,1,0,0,0,0,0,1,0,0,0,0,2
"형법범",과실범죄,실화,69,-,1,-,-,22,1,2,25,3,1,-,-,-,2,-,-,-,-,12,66,-,-,-,1,18,2,-,25,4,2,3,-,-,5,-,-,-,-,6,72,-,-,-,-,20,-,-,34,6,4,-,-,-,2,-,-,-,-,6,88,0,0,0,0,32,2,0,29,6,1,0,0,0,6,0,0,0,0,12
"형법범",기타 형법범죄,소계,2728,-,2,-,2,438,28,49,703,233,161,26,-,2,91,2,-,-,-,991,2652,-,-,-,3,435,20,42,906,195,133,21,1,-,84,2,-,-,-,810,2396,1,3,-,2,399,25,31,881,175,101,19,1,1,75,1,-,-,-,681,2327,0,4,0,5,573,17,42,723,159,105,13,0,0,61,5,0,0,0,620
"형법범",기타 형법범죄,명예,1393,-,1,-,2,184,8,21,311,58,61,8,-,1,45,1,-,-,-,692,1340,-,-,-,1,172,5,17,397,60,56,12,-,-,32,2,-,-,-,586,1317,-,-,-,1,184,7,7,475,45,40,6,-,-,37,-,-,-,-,515,1140,0,1,0,1,221,6,16,326,49,55,5,0,0,32,2,0,0,0,426
"형법범",기타 형법범죄,권리행사 방해,147,-,-,-,-,36,1,1,53,15,5,4,-,-,1,-,-,-,-,31,148,-,-,-,-,52,3,-,54,15,2,-,-,-,-,-,-,-,-,22,167,-,-,-,-,54,1,2,56,17,-,1,-,-,4,-,-,-,-,32,141,0,0,0,0,27,0,2,75,10,5,1,0,0,0,0,0,0,0,21
"형법범",기타 형법범죄,신용업무 경매,214,-,-,-,-,17,1,3,50,34,24,11,-,-,13,-,-,-,-,61,214,-,-,-,-,8,1,8,73,32,20,3,-,-,19,-,-,-,-,50,151,-,-,-,1,18,1,6,48,18,13,2,1,-,10,-,-,-,-,33,152,0,1,0,0,29,2,3,34,21,13,0,0,0,7,1,0,0,0,41
"형법범",기타 형법범죄,주거 침입,682,-,1,-,-,190,14,18,204,64,34,1,-,1,17,1,-,-,-,137,698,-,-,-,1,176,9,13,305,54,27,4,-,-,20,-,-,-,-,89,514,-,2,-,-,119,8,6,225,62,25,1,-,-,12,1,-,-,-,53,621,0,2,0,1,252,6,10,199,45,16,3,0,0,13,1,0,0,0,73
"형법범",기타 형법범죄,비밀침해,-,-,-,-,-,-,-,-,-,-,-,-,-,-,-,-,-,-,-,-,-,-,-,-,-,-,-,-,-,-,-,-,-,-,-,-,-,-,-,-,-,-,-,-,-,-,-,-,-,-,-,-,-,-,-,-,-,-,-,-,1,0,0,0,0,0,0,0,0,1,0,0,0,0,0,0,0,0,0,0
"형법범",기타 형법범죄,유기,1,-,-,-,-,-,-,-,-,-,1,-,-,-,-,-,-,-,-,-,3,-,-,-,-,-,-,-,2,-,1,-,-,-,-,-,-,-,-,-,2,-,-,-,-,1,-,-,-,-,-,-,-,-,-,-,-,-,-,1,5,0,0,0,0,0,0,0,4,1,0,0,0,0,0,0,0,0,0,0
"형법범",기타 형법범죄,교통방해,-,-,-,-,-,-,-,-,-,-,-,-,-,-,-,-,-,-,-,-,1,-,-,-,-,-,-,-,-,-,1,-,-,-,-,-,-,-,-,-,1,-,-,-,-,-,-,-,1,-,-,-,-,-,-,-,-,-,-,-,2,0,0,0,0,0,0,0,0,0,0,0,0,0,0,0,0,0,0,2
"형법범",기타 형법범죄,공무방해,191,-,-,-,-,7,4,4,64,53,31,2,-,-,14,-,-,-,-,12,153,-,-,-,-,15,2,3,59,26,19,1,1,-,13,-,-,-,-,14,175,1,1,-,-,19,7,10,57,30,19,8,-,1,10,-,-,-,-,12,193,0,0,0,3,42,3,9,68,30,15,4,0,0,4,1,0,0,0,14
"형법범",기타 형법범죄,도주와 범인 은닉,27,-,-,-,-,-,-,2,12,6,3,-,-,-,-,-,-,-,-,4,18,-,-,-,-,3,-,1,2,3,2,-,-,-,-,-,-,-,-,7,15,-,-,-,-,-,-,-,4,2,3,1,-,-,-,-,-,-,-,5,13,0,0,0,0,1,0,1,6,0,0,0,0,0,4,0,0,0,0,1
"형법범",기타 형법범죄,위증과 증거인멸,12,-,-,-,-,-,-,-,1,-,-,-,-,-,1,-,-,-,-,10,9,-,-,-,-,-,-,-,2,1,1,-,-,-,-,-,-,-,-,5,7,-,-,-,-,-,-,-,4,-,-,-,-,-,-,-,-,-,-,3,7,0,0,0,0,0,0,0,0,0,0,0,0,0,1,0,0,0,0,6
"형법범",기타 형법범죄,무고,59,-,-,-,-,4,-,-,8,3,2,-,-,-,-,-,-,-,-,42,59,-,-,-,-,9,-,-,10,2,2,1,-,-,-,-,-,-,-,35,47,-,-,-,-,4,1,-,11,1,1,-,-,-,2,-,-,-,-,27,51,0,0,0,0,1,0,1,11,2,1,0,0,0,0,0,0,0,0,35
"형법범",기타 형법범죄,공안을 해하는 죄,2,-,-,-,-,-,-,-,-,-,-,-,-,-,-,-,-,-,-,2,6,-,-,-,1,-,-,-,1,1,1,-,-,-,-,-,-,-,-,2,-,-,-,-,-,-,-,-,-,-,-,-,-,-,-,-,-,-,-,-,1,0,0,0,0,0,0,0,0,0,0,0,0,0,0,0,0,0,0,1
"형법범",기타 형법범죄,내란의 죄,-,-,-,-,-,-,-,-,-,-,-,-,-,-,-,-,-,-,-,-,-,-,-,-,-,-,-,-,-,-,-,-,-,-,-,-,-,-,-,-,-,-,-,-,-,-,-,-,-,-,-,-,-,-,-,-,-,-,-,-,0,0,0,0,0,0,0,0,0,0,0,0,0,0,0,0,0,0,0,0
"형법범",기타 형법범죄,음용수에 관한 죄,-,-,-,-,-,-,-,-,-,-,-,-,-,-,-,-,-,-,-,-,-,-,-,-,-,-,-,-,-,-,-,-,-,-,-,-,-,-,-,-,-,-,-,-,-,-,-,-,-,-,-,-,-,-,-,-,-,-,-,-,0,0,0,0,0,0,0,0,0,0,0,0,0,0,0,0,0,0,0,0
"형법범",기타 형법범죄,일수와 수리에 관한 죄,-,-,-,-,-,-,-,-,-,-,-,-,-,-,-,-,-,-,-,-,-,-,-,-,-,-,-,-,-,-,-,-,-,-,-,-,-,-,-,-,-,-,-,-,-,-,-,-,-,-,-,-,-,-,-,-,-,-,-,-,0,0,0,0,0,0,0,0,0,0,0,0,0,0,0,0,0,0,0,0
"형법범",기타 형법범죄,기타,-,-,-,-,-,-,-,-,-,-,-,-,-,-,-,-,-,-,-,-,3,-,-,-,-,-,-,-,1,1,1,-,-,-,-,-,-,-,-,-,-,-,-,-,-,-,-,-,-,-,-,-,-,-,-,-,-,-,-,-,0,0,0,0,0,0,0,0,0,0,0,0,0,0,0,0,0,0,0,0
"특별법범",소계,소계,11750,2,5,3,5,1210,152,365,4918,1828,896,124,5,2,366,10,-,-,-,1859,13511,4,14,4,20,1721,165,387,6124,1658,970,136,1,4,460,8,-,-,-,1835,11629,3,12,7,10,1464,102,302,5565,1375,838,123,3,2,429,11,-,-,-,1383,12740,4,13,3,21,1937,155,382,5648,1735,924,110,5,7,494,8,0,0,0,1294
"특별법범",개발제한구역의 지정 및 관리에 관한 특별조치법,소계,-,-,-,-,-,-,-,-,-,-,-,-,-,-,-,-,-,-,-,-,-,-,-,-,-,-,-,-,-,-,-,-,-,-,-,-,-,-,-,-,-,-,-,-,-,-,-,-,-,-,-,-,-,-,-,-,-,-,-,-,0,0,0,0,0,0,0,0,0,0,0,0,0,0,0,0,0,0,0,0
"특별법범",개인정보보호법,소계,4,-,-,-,-,1,-,-,1,-,1,-,-,-,-,-,-,-,-,1,12,-,-,-,-,1,-,-,1,-,-,-,-,-,-,-,-,-,-,10,14,-,-,-,-,-,-,-,2,1,-,-,-,-,1,-,-,-,-,10,12,0,0,0,0,0,0,0,2,0,2,0,0,0,1,0,0,0,0,7
"특별법범",건축법,소계,-,-,-,-,-,-,-,-,-,-,-,-,-,-,-,-,-,-,-,-,-,-,-,-,-,-,-,-,-,-,-,-,-,-,-,-,-,-,-,-,1,-,-,-,-,-,-,-,-,-,-,-,-,-,-,-,-,-,-,1,0,0,0,0,0,0,0,0,0,0,0,0,0,0,0,0,0,0,0,0
"특별법범",게임산업진흥에관한법률,소계,83,-,-,-,-,1,-,-,17,9,14,1,-,-,13,-,-,-,-,28,67,-,-,-,-,2,-,2,21,6,8,3,-,-,6,-,-,-,-,19,31,-,-,-,-,2,1,-,11,3,3,1,-,-,5,-,-,-,-,5,32,0,0,0,0,3,0,0,12,3,5,0,0,0,5,0,0,0,0,4
"특별법범",경범죄처벌법,소계,85,-,1,-,-,10,2,3,24,17,7,2,-,-,2,1,-,-,-,16,88,-,-,-,-,25,3,2,24,17,10,1,-,-,1,-,-,-,-,5,94,-,-,-,-,17,-,2,44,14,8,-,-,-,3,-,-,-,-,6,156,0,0,1,1,35,1,1,58,19,12,2,0,0,3,0,0,0,0,23
"특별법범",공유재산및물품관리법,소계,-,-,-,-,-,-,-,-,-,-,-,-,-,-,-,-,-,-,-,-,-,-,-,-,-,-,-,-,-,-,-,-,-,-,-,-,-,-,-,-,-,-,-,-,-,-,-,-,-,-,-,-,-,-,-,-,-,-,-,-,0,0,0,0,0,0,0,0,0,0,0,0,0,0,0,0,0,0,0,0
"특별법범",공인중개사법,소계,-,-,-,-,-,-,-,-,-,-,-,-,-,-,-,-,-,-,-,-,-,-,-,-,-,-,-,-,-,-,-,-,-,-,-,-,-,-,-,-,-,-,-,-,-,-,-,-,-,-,-,-,-,-,-,-,-,-,-,-,0,0,0,0,0,0,0,0,0,0,0,0,0,0,0,0,0,0,0,0
"특별법범",공중위생관리법,소계,-,-,-,-,-,-,-,-,-,-,-,-,-,-,-,-,-,-,-,-,7,-,-,-,-,1,-,1,2,-,2,-,-,-,1,-,-,-,-,-,-,-,-,-,-,-,-,-,-,-,-,-,-,-,-,-,-,-,-,-,3,0,0,0,0,0,0,0,0,0,0,0,0,0,2,0,0,0,0,1
"특별법범",공직선거법,소계,-,-,-,-,-,-,-,-,-,-,-,-,-,-,-,-,-,-,-,-,23,-,-,-,-,-,-,-,11,-,7,3,-,-,2,-,-,-,-,-,2,-,-,-,-,1,-,-,1,-,-,-,-,-,-,-,-,-,-,-,47,0,0,0,0,18,0,1,20,0,2,0,0,0,5,0,0,0,0,1
"특별법범",교통사고 처리특례법,소계,2270,-,-,1,-,110,16,59,751,280,178,13,-,-,55,3,-,-,-,804,2518,1,2,2,5,141,12,56,925,272,226,32,1,1,98,1,-,-,-,743,2282,1,3,-,-,165,11,57,968,233,162,34,1,1,122,2,-,-,-,522,1904,1,2,0,4,296,19,57,855,226,150,17,1,1,79,3,0,0,0,193
"특별법범",국민체육진흥법,소계,17,-,-,-,-,-,-,-,6,1,6,-,1,-,3,-,-,-,-,-,23,-,-,-,-,-,-,1,13,3,4,-,-,-,1,-,-,-,-,1,8,-,-,-,-,-,-,-,6,-,1,-,-,-,-,-,-,-,-,1,9,0,0,0,0,2,0,0,3,1,0,0,0,0,1,0,0,0,0,2
"특별법범",국토의계획및이용에관한법률,소계,-,-,-,-,-,-,-,-,-,-,-,-,-,-,-,-,-,-,-,-,-,-,-,-,-,-,-,-,-,-,-,-,-,-,-,-,-,-,-,-,-,-,-,-,-,-,-,-,-,-,-,-,-,-,-,-,-,-,-,-,0,0,0,0,0,0,0,0,0,0,0,0,0,0,0,0,0,0,0,0
"특별법범",근로기준법,소계,-,-,-,-,-,-,-,-,-,-,-,-,-,-,-,-,-,-,-,-,-,-,-,-,-,-,-,-,-,-,-,-,-,-,-,-,-,-,-,-,-,-,-,-,-,-,-,-,-,-,-,-,-,-,-,-,-,-,-,-,2,0,0,0,0,0,0,0,0,0,0,0,0,0,0,0,0,0,0,2
"특별법범",근로자퇴직급여보장법,소계,-,-,-,-,-,-,-,-,-,-,-,-,-,-,-,-,-,-,-,-,-,-,-,-,-,-,-,-,-,-,-,-,-,-,-,-,-,-,-,-,-,-,-,-,-,-,-,-,-,-,-,-,-,-,-,-,-,-,-,-,0,0,0,0,0,0,0,0,0,0,0,0,0,0,0,0,0,0,0,0
"특별법범",농수산물의원산지표시에관한법률,소계,-,-,-,-,-,-,-,-,-,-,-,-,-,-,-,-,-,-,-,-,-,-,-,-,-,-,-,-,-,-,-,-,-,-,-,-,-,-,-,-,2,-,-,-,-,-,-,-,1,1,-,-,-,-,-,-,-,-,-,-,-,-,-,-,-,-,-,-,-,-,-,-,-,-,-,-,-,-,-,-
"특별법범",농수산물의원산지표시등에관한법률,소계,-,-,-,-,-,-,-,-,-,-,-,-,-,-,-,-,-,-,-,-,-,-,-,-,-,-,-,-,-,-,-,-,-,-,-,-,-,-,-,-,-,-,-,-,-,-,-,-,-,-,-,-,-,-,-,-,-,-,-,-,0,0,0,0,0,0,0,0,0,0,0,0,0,0,0,0,0,0,0,0
"특별법범",농지법,소계,-,-,-,-,-,-,-,-,-,-,-,-,-,-,-,-,-,-,-,-,-,-,-,-,-,-,-,-,-,-,-,-,-,-,-,-,-,-,-,-,-,-,-,-,-,-,-,-,-,-,-,-,-,-,-,-,-,-,-,-,0,0,0,0,0,0,0,0,0,0,0,0,0,0,0,0,0,0,0,0
"특별법범",대기환경보전법,소계,-,-,-,-,-,-,-,-,-,-,-,-,-,-,-,-,-,-,-,-,-,-,-,-,-,-,-,-,-,-,-,-,-,-,-,-,-,-,-,-,-,-,-,-,-,-,-,-,-,-,-,-,-,-,-,-,-,-,-,-,0,0,0,0,0,0,0,0,0,0,0,0,0,0,0,0,0,0,0,0
"특별법범",대부업등의등록및금융이용자보호에관한법률,소계,23,-,-,-,-,-,-,3,6,5,5,-,-,-,1,-,-,-,-,3,8,-,-,-,-,-,-,-,2,1,2,-,-,-,3,-,-,-,-,-,1,-,-,-,-,-,-,-,-,-,1,-,-,-,-,-,-,-,-,-,4,0,0,0,0,0,0,0,2,0,1,1,0,0,0,0,0,0,0,0
"특별법범",도로교통법,소계,4663,2,2,1,2,664,70,145,2265,786,308,45,-,-,89,3,-,-,-,281,5056,1,5,1,6,836,64,155,2548,680,306,47,-,2,130,5,-,-,-,270,4241,2,7,4,6,740,35,118,2194,533,252,35,-,1,99,2,-,-,-,213,4512,0,5,2,8,835,68,135,2120,680,269,35,3,1,114,2,0,0,0,235
"특별법범",도로법,소계,-,-,-,-,-,-,-,-,-,-,-,-,-,-,-,-,-,-,-,-,1,-,-,-,-,-,-,-,1,-,-,-,-,-,-,-,-,-,-,-,-,-,-,-,-,-,-,-,-,-,-,-,-,-,-,-,-,-,-,-,0,0,0,0,0,0,0,0,0,0,0,0,0,0,0,0,0,0,0,0
"특별법범",마약류관리에 관한 법률,소계,85,-,-,-,-,-,4,12,11,14,23,-,-,-,5,-,-,-,-,16,135,-,-,-,1,4,1,6,55,25,18,4,-,1,6,-,-,-,-,14,182,-,-,1,-,9,3,6,71,30,35,5,-,-,10,-,-,-,-,12,202,0,1,0,0,32,11,3,83,18,25,1,0,0,18,0,0,0,0,10
"특별법범", 물환경보전법 ,소계,-,-,-,-,-,-,-,-,-,-,-,-,-,-,-,-,-,-,-,-,-,-,-,-,-,-,-,-,-,-,-,-,-,-,-,-,-,-,-,-,-,-,-,-,-,-,-,-,-,-,-,-,-,-,-,-,-,-,-,-,0,0,0,0,0,0,0,0,0,0,0,0,0,0,0,0,0,0,0,0
"특별법범",병역법,소계,-,-,-,-,-,-,-,-,-,-,-,-,-,-,-,-,-,-,-,-,-,-,-,-,-,-,-,-,-,-,-,-,-,-,-,-,-,-,-,-,-,-,-,-,-,-,-,-,-,-,-,-,-,-,-,-,-,-,-,-,1,0,0,0,0,0,0,0,0,0,0,0,0,0,0,0,0,0,0,1
"특별법범",부정경쟁방지 및 영업비밀보호에 관한법률,소계,1,-,-,-,-,-,-,-,-,-,-,-,-,-,-,-,-,-,-,1,1,-,-,-,-,-,-,-,-,-,-,-,-,-,-,-,-,-,-,1,-,-,-,-,-,-,-,-,-,-,-,-,-,-,-,-,-,-,-,-,0,0,0,0,0,0,0,0,0,0,0,0,0,0,0,0,0,0,0,0
"특별법범",부정수표단속법,소계,3,-,-,-,-,-,-,1,1,-,1,-,-,-,-,-,-,-,-,-,-,-,-,-,-,-,-,-,-,-,-,-,-,-,-,-,-,-,-,-,-,-,-,-,-,-,-,-,-,-,-,-,-,-,-,-,-,-,-,-,0,0,0,0,0,0,0,0,0,0,0,0,0,0,0,0,0,0,0,0
"특별법범",사행행위등규제및처벌특례법,소계,-,-,-,-,-,-,-,-,-,-,-,-,-,-,-,-,-,-,-,-,-,-,-,-,-,-,-,-,-,-,-,-,-,-,-,-,-,-,-,-,-,-,-,-,-,-,-,-,-,-,-,-,-,-,-,-,-,-,-,-,0,0,0,0,0,0,0,0,0,0,0,0,0,0,0,0,0,0,0,0
"특별법범",산림자원의조성및관리에관한법률,소계,-,-,-,-,-,-,-,-,-,-,-,-,-,-,-,-,-,-,-,-,-,-,-,-,-,-,-,-,-,-,-,-,-,-,-,-,-,-,-,-,-,-,-,-,-,-,-,-,-,-,-,-,-,-,-,-,-,-,-,-,0,0,0,0,0,0,0,0,0,0,0,0,0,0,0,0,0,0,0,0
"특별법범",산업안전보건법,소계,-,-,-,-,-,-,-,-,-,-,-,-,-,-,-,-,-,-,-,-,-,-,-,-,-,-,-,-,-,-,-,-,-,-,-,-,-,-,-,-,-,-,-,-,-,-,-,-,-,-,-,-,-,-,-,-,-,-,-,-,0,0,0,0,0,0,0,0,0,0,0,0,0,0,0,0,0,0,0,0
"특별법범",산지관리법,소계,-,-,-,-,-,-,-,-,-,-,-,-,-,-,-,-,-,-,-,-,-,-,-,-,-,-,-,-,-,-,-,-,-,-,-,-,-,-,-,-,-,-,-,-,-,-,-,-,-,-,-,-,-,-,-,-,-,-,-,-,0,0,0,0,0,0,0,0,0,0,0,0,0,0,0,0,0,0,0,0
"특별법범",상표법,소계,7,-,-,-,-,1,-,-,3,1,-,-,-,-,-,-,-,-,-,2,2,-,-,-,-,-,-,-,-,-,-,-,-,-,-,-,-,-,-,2,1,-,-,-,-,-,-,-,-,-,-,-,-,-,-,-,-,-,-,1,2,0,0,0,0,0,0,0,1,0,0,0,0,0,0,0,0,0,0,1
"특별법범",선박안전법,소계,-,-,-,-,-,-,-,-,-,-,-,-,-,-,-,-,-,-,-,-,-,-,-,-,-,-,-,-,-,-,-,-,-,-,-,-,-,-,-,-,-,-,-,-,-,-,-,-,-,-,-,-,-,-,-,-,-,-,-,-,0,0,0,0,0,0,0,0,0,0,0,0,0,0,0,0,0,0,0,0
"특별법범",선박직원법,소계,-,-,-,-,-,-,-,-,-,-,-,-,-,-,-,-,-,-,-,-,-,-,-,-,-,-,-,-,-,-,-,-,-,-,-,-,-,-,-,-,-,-,-,-,-,-,-,-,-,-,-,-,-,-,-,-,-,-,-,-,0,0,0,0,0,0,0,0,0,0,0,0,0,0,0,0,0,0,0,0
"특별법범",성매매알선등행위의처벌에관한법률,소계,106,-,-,-,2,12,3,10,17,14,17,5,-,2,4,-,-,-,-,20,88,-,-,-,-,14,6,8,11,16,16,1,-,-,1,-,-,-,-,15,22,-,-,-,-,1,2,1,2,5,4,1,-,-,4,-,-,-,-,2,24,0,0,0,0,0,1,0,3,3,5,0,0,0,4,0,0,0,0,8
"특별법범",수산업법,소계,-,-,-,-,-,-,-,-,-,-,-,-,-,-,-,-,-,-,-,-,-,-,-,-,-,-,-,-,-,-,-,-,-,-,-,-,-,-,-,-,-,-,-,-,-,-,-,-,-,-,-,-,-,-,-,-,-,-,-,-,0,0,0,0,0,0,0,0,0,0,0,0,0,0,0,0,0,0,0,0
"특별법범",수산자원관리법,소계,-,-,-,-,-,-,-,-,-,-,-,-,-,-,-,-,-,-,-,-,-,-,-,-,-,-,-,-,-,-,-,-,-,-,-,-,-,-,-,-,1,-,-,-,-,-,-,-,-,1,-,-,-,-,-,-,-,-,-,-,0,0,0,0,0,0,0,0,0,0,0,0,0,0,0,0,0,0,0,0
"특별법범",스토킹범죄의처벌등에관한법률,소계,-,-,-,-,-,-,-,-,-,-,-,-,-,-,-,-,-,-,-,-,-,-,-,-,-,-,-,-,-,-,-,-,-,-,-,-,-,-,-,-,8,-,-,-,-,3,-,-,4,-,-,-,-,-,-,-,-,-,-,1,161,0,1,0,0,14,4,6,51,15,12,3,0,0,7,0,0,0,0,48
"특별법범",식품위생법,소계,9,-,-,-,-,-,-,-,1,2,3,-,-,-,-,-,-,-,-,3,8,-,-,-,-,-,-,-,6,-,1,-,-,-,-,-,-,-,-,1,8,-,-,-,-,-,-,-,3,-,2,-,-,-,1,1,-,-,-,1,8,0,0,0,0,0,0,1,0,2,2,0,0,0,2,0,0,0,0,1
"특별법범",아동·청소년의성보호에관한법률(성매수등),소계,174,-,-,1,-,34,5,9,41,45,14,1,-,-,-,1,-,-,-,23,191,1,-,-,1,39,13,15,48,40,9,-,-,-,2,-,-,-,-,23,138,-,-,-,-,22,5,2,44,34,9,3,-,-,-,-,-,-,-,19,108,0,0,0,0,33,4,6,23,16,8,0,0,0,4,0,0,0,0,14
"특별법범",아동·청소년의성보호에관한법률(성착취물등),소계,-,-,-,-,-,-,-,-,-,-,-,-,-,-,-,-,-,-,-,-,760,-,1,-,-,192,1,3,414,19,34,5,-,-,29,-,-,-,-,62,505,-,-,1,-,83,3,5,273,11,33,3,-,-,29,1,-,-,-,63,620,0,1,0,1,123,4,10,331,18,29,7,0,0,38,0,0,0,0,58
"특별법범",아동·청소년의성보호에관한법률(음란물등),소계,135,-,-,-,-,36,1,1,63,3,10,-,-,-,3,-,-,-,-,18,-,-,-,-,-,-,-,-,-,-,-,-,-,-,-,-,-,-,-,-,-,-,-,-,-,-,-,-,-,-,-,-,-,-,-,-,-,-,-,-,-,-,-,-,-,-,-,-,-,-,-,-,-,-,-,-,-,-,-,-
"특별법범",아동복지법,소계,101,-,-,-,-,20,-,1,40,9,11,3,-,-,4,-,-,-,-,13,108,-,1,-,1,30,1,3,40,9,6,-,-,-,1,-,-,-,-,16,129,-,-,-,-,39,-,4,55,6,5,1,-,-,3,-,-,-,-,16,214,0,0,0,0,55,2,5,83,10,12,1,0,0,10,1,0,0,0,35
"특별법범",여객자동차운수사업법,소계,5,-,-,-,-,-,-,-,-,1,1,-,-,-,-,-,-,-,-,3,5,-,-,-,-,-,-,-,2,-,2,-,-,-,-,-,-,-,-,1,11,-,-,-,-,3,-,1,2,2,1,-,-,-,-,-,-,-,-,2,8,0,0,0,0,0,0,0,4,2,2,0,0,0,0,0,0,0,0,0
"특별법범",여신전문금융업법,소계,102,-,-,-,-,27,5,5,28,18,7,1,-,-,-,-,-,-,-,11,89,-,-,-,-,48,2,4,19,5,1,-,-,-,3,-,-,-,-,7,94,-,-,-,-,43,2,1,32,6,3,-,-,-,-,-,-,-,-,7,131,0,1,0,0,63,2,6,31,13,2,0,0,0,0,0,0,0,0,13
"특별법범",예비군법,소계,-,-,-,-,-,-,-,-,-,-,-,-,-,-,-,-,-,-,-,-,-,-,-,-,-,-,-,-,-,-,-,-,-,-,-,-,-,-,-,-,-,-,-,-,-,-,-,-,-,-,-,-,-,-,-,-,-,-,-,-,0,0,0,0,0,0,0,0,0,0,0,0,0,0,0,0,0,0,0,0
"특별법범",외국환거래법,소계,-,-,-,-,-,-,-,-,-,-,-,-,-,-,-,-,-,-,-,-,-,-,-,-,-,-,-,-,-,-,-,-,-,-,-,-,-,-,-,-,-,-,-,-,-,-,-,-,-,-,-,-,-,-,-,-,-,-,-,-,0,0,0,0,0,0,0,0,0,0,0,0,0,0,0,0,0,0,0,0
"특별법범",의료법,소계,12,-,-,-,-,3,-,2,-,2,4,-,-,-,1,-,-,-,-,-,7,-,-,-,-,-,-,-,5,-,1,-,-,-,-,-,-,-,-,1,4,-,-,-,-,-,-,-,1,-,-,-,-,-,-,-,-,-,-,3,1,0,0,0,0,0,0,1,0,0,0,0,0,0,0,0,0,0,0,0
"특별법범",자동차관리법,소계,371,-,1,-,-,1,4,18,136,104,43,-,1,-,5,1,-,-,-,57,463,1,-,-,1,7,5,21,230,97,32,5,-,-,13,-,-,-,-,51,678,-,-,1,-,3,3,22,342,136,68,7,1,-,20,1,-,-,-,74,927,0,1,0,1,9,6,48,380,252,93,8,0,1,24,0,0,0,0,104
"특별법범",자동차손해배상보장법,소계,277,-,-,-,-,5,2,16,143,58,7,5,-,-,8,-,-,-,-,33,404,-,-,-,1,10,6,17,194,88,37,6,-,-,8,-,-,-,-,37,445,-,-,-,-,3,4,20,252,84,47,-,-,-,5,1,-,-,-,29,510,0,1,0,1,7,3,18,257,115,48,6,0,0,18,1,0,0,0,35
"특별법범",저작권법,소계,43,-,-,-,-,1,-,-,9,-,2,-,-,-,2,-,-,-,-,29,78,-,-,-,-,-,-,-,23,1,5,2,-,-,2,-,-,-,-,45,70,-,-,-,1,7,-,-,13,-,10,-,-,-,4,-,-,-,-,35,37,0,0,0,0,1,0,0,9,0,6,1,0,0,4,0,0,0,0,16
"특별법범",전자금융거래법,소계,311,-,-,-,-,3,3,9,129,35,48,9,1,-,28,-,-,-,-,46,125,-,-,-,1,4,1,6,55,19,19,1,-,-,8,-,-,-,-,11,65,-,-,-,1,3,-,2,24,11,8,1,-,-,5,-,-,-,-,10,39,0,0,0,0,1,0,1,17,7,5,0,0,0,1,0,0,0,0,7
"특별법범",정보통신망이용촉진 및 정보보호 등에 관한법률,소계,634,-,-,-,-,96,6,4,206,35,32,8,-,-,25,-,-,-,-,222,840,-,1,-,1,149,7,7,287,49,37,3,-,-,23,2,-,-,-,274,664,-,1,-,-,119,10,9,270,25,26,3,-,-,20,-,-,-,-,181,667,0,0,0,0,137,2,13,247,21,16,1,0,0,11,0,0,0,0,219
"특별법범",조세범 처벌법,소계,1,-,-,-,-,-,-,-,-,-,-,-,-,-,-,-,-,-,-,1,-,-,-,-,-,-,-,-,-,-,-,-,-,-,-,-,-,-,-,-,-,-,-,-,-,-,-,-,-,-,-,-,-,-,-,-,-,-,-,-,1,0,0,0,0,0,0,0,0,0,1,0,0,0,0,0,0,0,0,0
"특별법범",주민등록법,소계,1021,-,-,-,-,74,17,32,540,193,61,9,1,-,51,-,-,-,-,43,1109,-,2,-,2,85,21,31,610,168,73,6,-,-,42,-,-,-,-,69,782,-,1,-,-,60,9,24,466,116,39,9,-,-,27,-,-,-,-,31,988,2,0,0,1,117,15,24,516,159,58,7,1,0,38,0,0,0,0,50
"특별법범",중대재해처벌등에관한법률,소계,-,-,-,-,-,-,-,-,-,-,-,-,-,-,-,-,-,-,-,-,-,-,-,-,-,-,-,-,-,-,-,-,-,-,-,-,-,-,-,-,-,-,-,-,-,-,-,-,-,-,-,-,-,-,-,-,-,-,-,-,0,0,0,0,0,0,0,0,0,0,0,0,0,0,0,0,0,0,0,0
"특별법범",청소년보호법,소계,673,-,-,-,-,31,8,14,317,106,41,13,1,-,47,-,-,-,-,95,631,-,1,-,-,35,8,16,309,74,52,8,-,-,48,-,-,-,-,80,306,-,-,-,1,17,2,9,143,37,27,12,-,-,21,2,-,-,-,35,447,0,0,0,2,28,3,14,211,51,35,2,0,0,30,0,0,0,0,71
"특별법범",축산물위생관리법,소계,-,-,-,-,-,-,-,-,-,-,-,-,-,-,-,-,-,-,-,-,-,-,-,-,-,-,-,-,-,-,-,-,-,-,-,-,-,-,-,-,-,-,-,-,-,-,-,-,-,-,-,-,-,-,-,-,-,-,-,-,0,0,0,0,0,0,0,0,0,0,0,0,0,0,0,0,0,0,0,0
"특별법범",출입국관리법,소계,8,-,-,-,-,-,-,-,3,-,1,-,-,-,-,-,-,-,-,4,16,-,-,-,-,-,-,-,3,-,9,-,-,-,-,-,-,-,-,4,-,-,-,-,-,-,-,-,-,-,-,-,-,-,-,-,-,-,-,-,5,0,0,0,1,0,0,0,0,1,2,0,0,0,0,0,0,0,0,1
"특별법범",통신비밀보호법,소계,-,-,-,-,-,-,-,-,-,-,-,-,-,-,-,-,-,-,-,-,3,-,-,-,-,-,-,-,-,-,-,-,-,-,-,-,-,-,-,3,3,-,-,-,-,-,-,-,2,1,-,-,-,-,-,-,-,-,-,-,18,0,0,0,0,3,0,0,6,0,1,0,0,0,0,0,0,0,0,8
"특별법범",특가법(도주차량),소계,7,-,-,-,-,-,-,-,1,3,2,-,-,-,-,-,-,-,-,1,191,-,1,-,-,29,8,13,72,19,14,5,-,-,4,-,-,-,-,26,152,-,-,-,-,23,1,2,58,18,24,1,1,-,3,-,-,-,-,21,194,1,0,0,0,35,0,4,83,33,11,4,0,0,6,0,0,0,0,17
"특별법범",폐기물관리법,소계,-,-,-,-,-,-,-,-,-,-,-,-,-,-,-,-,-,-,-,-,-,-,-,-,-,-,-,-,-,-,-,-,-,-,-,-,-,-,-,-,-,-,-,-,-,-,-,-,-,-,-,-,-,-,-,-,-,-,-,-,0,0,0,0,0,0,0,0,0,0,0,0,0,0,0,0,0,0,0,0
"특별법범",풍속영업의 규제에 관한법률,소계,-,-,-,-,-,-,-,-,-,-,-,-,-,-,-,-,-,-,-,-,-,-,-,-,-,-,-,-,-,-,-,-,-,-,-,-,-,-,-,-,-,-,-,-,-,-,-,-,-,-,-,-,-,-,-,-,-,-,-,-,0,0,0,0,0,0,0,0,0,0,0,0,0,0,0,0,0,0,0,0
"특별법범",학원의설립운영및과외교습에관한법률,소계,-,-,-,-,-,-,-,-,-,-,-,-,-,-,-,-,-,-,-,-,-,-,-,-,-,-,-,-,-,-,-,-,-,-,-,-,-,-,-,-,1,-,-,-,-,-,-,-,1,-,-,-,-,-,-,-,-,-,-,-,0,0,0,0,0,0,0,0,0,0,0,0,0,0,0,0,0,0,0,0
"특별법범",화물자동차운수사업법,소계,1,-,-,-,-,-,-,-,-,-,-,-,-,-,-,-,-,-,-,1,-,-,-,-,-,-,-,-,-,-,-,-,-,-,-,-,-,-,-,-,-,-,-,-,-,-,-,-,-,-,-,-,-,-,-,-,-,-,-,-,0,0,0,0,0,0,0,0,0,0,0,0,0,0,0,0,0,0,0,0
"특별법범",기타 특별법,소계,518,-,1,-,1,80,6,21,159,87,49,9,-,-,20,1,-,-,-,84,454,-,-,1,-,69,6,20,193,50,39,4,-,-,28,-,-,-,-,44,684,-,-,-,1,101,11,17,280,67,70,7,-,-,47,1,-,-,-,82,746,0,0,0,1,90,10,28,240,70,110,14,0,4,69,1,0,0,0,109
